,Architecture,Min Watts,Max Watts,GB/Chip
0,Skylake,0.6446044454253452,3.8984738056304855,80.43037974683544
1,Broadwell,0.7128342245989304,3.3857473048128344,69.6470588235294
2,Haswell,1.9005681818181814,5.9688982156043195,27.310344827586206
3,EPYC 2nd Gen,0.4742621527777778,1.5751872939814815,129.77777777777777
4,Cascade Lake,0.6389493581523519,3.6424520285114035,98.11764705882354
5,EPYC 3rd Gen,0.44538981119791665,1.8719357994791666,128.0
6,Ivy Bridge,3.0369270833333335,8.199689511111112,14.933333333333334
7,Sandy Bridge,2.1694411458333334,8.550185877430936,16.480916030534353